{"accuracy": 0.8840579710144928, "f1_score": 0.8833165988479628, "roc_auc_score": 0.885860035070939}