{"accuracy": 0.8659420289855072, "f1_score": 0.864833026697198, "roc_auc_score": 0.8663318986131038}